Title,Author,Number of Pages,Date Read,Date Added,Exclusive Shelf
American Psycho,Bret Easton Ellis,399,,2026/08/22,to-read
Drive Your Plow Over the Bones of the Dead,Olga Tokarczuk,274,,2025/01/23,currently-reading
Salt Water,Charles Simmons,176,,2026/08/10,to-read
"The Radetzky March (Von Trotta Family, #1)",Joseph Roth,363,,2026/08/09,to-read
Heraclitean Fire: Sketches from a Life Before Nature,Erwin Chargaff,252,,2026/08/09,currently-reading
Lázár,Nelio Biedermann,336,,2025/11/01,currently-reading
The Garden of Eden,Ernest Hemingway,248,,2026/07/23,to-read
Schaaknovelle,Stefan Zweig,105,,2026/07/15,to-read
The Penelopiad,Margaret Atwood,198,,2026/07/15,to-read
Chita: A Memory of Last Island,Lafcadio Hearn,80,,2026/06/18,to-read
Vele hemels boven de zevende,Griet Op de Beeck,271,,2026/05/25,to-read
All the Beauty in the World: The Metropolitan Museum of Art and Me,Patrick Bringley,240,2026/05/25,2026/05/25,read
"Emergence: A Memoir of Boyhood, Computation, and the Mysteries of Mind",David Sussillo,384,,2026/05/23,to-read
The Master and Margarita,Mikhail Bulgakov,372,2026/05/23,2025/12/25,read
"Dune (Dune, #1)",Frank Herbert,658,,2021/07/03,did-not-finish
Vrouwen in duistere tijden: Tien denkers van blijvende betekenis,Alicja Gescinska,509,,2026/05/20,to-read
Either/Or,Elif Batuman,368,2026/05/06,2026/04/27,read
De avonden,Gerard Reve,191,2026/04/27,2024/10/15,read
Her Body and Other Parties: Stories,Carmen Maria Machado,248,,2022/09/10,did-not-finish
The Laws of Thought: The Quest for a Mathematical Theory of the Mind,Tom  Griffiths,400,,2026/04/27,to-read
The Cantos,Ezra Pound,824,2026/04/27,2026/04/27,read
The Prison-House of Language: A Critical Account of Structuralism and Russian Formalism,Fredric Jameson,230,,2024/09/23,to-read
Vaim,Jon Fosse,120,,2026/03/28,to-read
The Reader,Bernhard Schlink,216,,2026/03/15,to-read
Bleeding Edge,Thomas Pynchon,477,,2026/03/13,to-read
Language Machines: Cultural AI and the End of Remainder Humanism (Posthumanities),Leif Weatherby,281,,2026/01/27,to-read
Capitalist Realism: Is There No Alternative?,Mark Fisher,81,2025/12/14,2025/12/14,read
It Lasts Forever and Then It's Over,Anne de Marcken,128,2025/12/13,2025/04/03,read
Prophet Song,Paul    Lynch,259,2025/11/28,2024/04/05,read
I Who Have Never Known Men,Jacqueline Harpman,173,,2025/11/19,to-read
Stories of Your Life and Others,Ted Chiang,281,2025/11/11,2025/01/23,read
Flesh,David Szalay,368,,2025/11/10,to-read
Ik was dat meisje,Anne Mieke Backer,256,,2025/11/07,to-read
"Male Fantasies: Volume 1: Women, Floods, Bodies, History",Klaus Theweleit,544,,2025/10/29,currently-reading
Pianistka [The Piano Teacher],Elfriede Jelinek,446,,2025/08/27,to-read
Dicht: Aufzeichnungen einer Tagediebin,Stefanie Sargnagel,242,,2025/08/26,to-read
The Brain Abstracted: Simplification in the History and Philosophy of Neuroscience,M. Chirimuuta,364,,2025/07/22,to-read
Fulvia: The Woman Who Broke All the Rules in Ancient Rome,Jane Draycott,362,,2025/07/12,to-read
There Is No Antimemetics Division,qntm,220,,2025/07/10,to-read
Antimemetics: Why Some Ideas Resist Spreading,Nadia Asparouhova,166,,2025/07/10,to-read
The Books of Jacob,Olga Tokarczuk,965,,2025/06/08,currently-reading
"Brave Genius: A Scientist, a Philosopher, and Their Daring Adventures from the French Resistance to the Nobel Prize",Sean B. Carroll,592,,2025/06/08,to-read
The Mushroom at the End of the World: On the Possibility of Life in Capitalist Ruins,Anna Lowenhaupt Tsing,331,,2025/06/02,currently-reading
"A Brief History of Intelligence: Evolution, AI, and the Five Breakthroughs That Made Our Brains",Max Solomon Bennett,432,2025/05/31,2024/11/01,read
De geniale vriendin,Elena Ferrante,335,,2025/05/05,to-read
The Sirens of Titan,Kurt Vonnegut Jr.,224,,2025/04/18,to-read
At Swim-Two-Birds,Flann O'Brien,239,,2025/04/18,to-read
The Third Policeman,Flann O'Brien,200,,2025/04/18,to-read
What Is Life?: Evolution as Computation,Blaise Aguera y Arcas,170,,2025/04/07,to-read
The Knowledge Machine: How Irrationality Created Modern Science,Michael Strevens,368,,2025/03/18,to-read
The Complex World: An Introduction to the Foundations of Complexity Science,David C. Krakauer,208,,2025/03/03,currently-reading
De geruchten,Hugo Claus,224,2025/03/03,2025/02/10,read
The Poetics of Space,Gaston Bachelard,282,,2025/03/03,to-read
Trophäe,Gaea Schoeters,257,,2025/02/28,to-read
Surfaces and Essences: Analogy as the Fuel and Fire of Thinking,Douglas R. Hofstadter,578,,2025/02/26,to-read
His Master's Voice,Stanisław Lem,199,,2025/02/12,to-read
"Ada, or Ardor: A Family Chronicle (Vintage International)",Vladimir Nabokov,606,,2025/02/03,to-read
Transparent Things (Vintage International),Vladimir Nabokov,105,2025/02/03,2024/11/23,read
Pale Fire,Vladimir Nabokov,246,,2023/12/03,currently-reading
Madonna in a Fur Coat,Sabahattin Ali,168,2025/01/06,2025/01/06,read
Empusion,Olga Tokarczuk,384,2025/01/05,2024/01/23,read
The Grammar of Angels: A Search for the Magical Powers of Language in Renaissance Italy,Edward Wilson-Lee,250,,2025/01/01,to-read
Zorro,Isabel Allende,688,,2024/12/29,to-read
The Blind Assassin,Margaret Atwood,641,,2024/12/28,to-read
I Await the Devil's Coming,Mary MacLane,162,2024/12/16,2024/09/19,read
The Festival of Insignificance,Milan Kundera,115,2024/11/01,2024/11/01,read
V.,Thomas Pynchon,640,,2024/10/28,to-read
Die Zukunft der Wahrheit,Werner Herzog,107,,2024/10/18,to-read
Incomplete Nature: How Mind Emerged from Matter,Terrence W. Deacon,624,2024/04/13,2023/10/08,read
Collected Poems in English,Joseph Brodsky,560,2024/10/13,2024/07/17,read
Bonjour tristesse,Françoise Sagan,154,2024/10/13,2024/10/03,read
Every Thing Must Go: Metaphysics Naturalized,James Ladyman,360,,2024/10/09,to-read
Pnin,Vladimir Nabokov,184,,2024/10/08,to-read
The Complete Stories,Clarice Lispector,650,,2024/09/29,to-read
The Mind is Flat,Nick Chater,272,,2024/09/29,to-read
The Four-Chambered Heart: V3 in Nin's Continuous Novel,Anaïs Nin,187,,2024/09/26,to-read
Seduction of the Minotaur,Anaïs Nin,152,,2024/09/26,to-read
"Satantango (Apocalypse Quartet, #1)",László Krasznahorkai,274,,2024/09/22,to-read
Eleven Kinds of Loneliness,Richard Yates,230,,2024/09/20,to-read
The Inseparables,Simone de Beauvoir,,,2024/09/15,to-read
Golem XIV,Stanisław Lem,165,,2024/09/01,to-read
In Search of Memory: The Emergence of a New Science of Mind,Eric R. Kandel,430,,2024/08/19,to-read
I Contain Multitudes: The Microbes Within Us and a Grander View of Life,Ed Yong,368,,2024/08/14,to-read
The House of the Spirits,Isabel Allende,512,,2022/07/04,currently-reading
"The Rigor of Angels: Borges, Heisenberg, Kant, and the Ultimate Nature of Reality",William Egginton,368,,2024/08/14,to-read
When We Cease to Understand the World,Benjamín Labatut,193,2024/08/14,2024/06/02,read
Slaughterhouse-Five,Kurt Vonnegut Jr.,275,2024/07/21,2021/07/03,read
The Corrections,Jonathan Franzen,653,,2024/07/19,to-read
Dubliners,James Joyce,352,,2024/07/17,to-read
"Berlin Diaries, 1940-1945",Marie Vassiltchikov,324,,2024/06/23,currently-reading
Adriatic: A Concert of Civilizations at the End of the Modern Age,Robert D. Kaplan,368,,2024/06/23,currently-reading
Wittgenstein and Modernism,Michael Lemahieu,336,,2024/06/16,to-read
The Sacred Conspiracy: The Internal Papers of the Secret Society of Acéphale and Lectures to the College of Sociology,Georges Bataille,480,,2024/06/15,to-read
De dubbelganger,Fyodor Dostoevsky,,2024/05/06,2024/04/25,read
"Notes from Underground, White Nights, The Dream of a Ridiculous Man, and Selections from The House of the Dead",Fyodor Dostoevsky,233,,2024/04/25,read
Under a Glass Bell,Anaïs Nin,101,,2024/04/22,to-read
"The Peasants: Autumn (Peasants, #1)",Władysław Stanisław Reymont,261,,2024/04/22,to-read
The Beauty of the Husband: A Fictional Essay in 29 Tangos,Anne Carson,160,,2024/03/28,to-read
The Thirst for Annihilation: Georges Bataille and Virulent Nihilism (An Essay in Atheistic Religion),Nick Land,248,,2024/03/26,to-read
De tienduizend dingen,Maria Dermoût,255,,2024/03/16,to-read
Blood Music,Greg Bear,344,2024/02/29,2024/02/15,read
I've Been Thinking,Daniel C. Dennett,451,,2024/02/16,to-read
Metamodernism: The Future of Theory,Jason Ānanda Josephson Storm,328,,2024/02/10,to-read
The Latecomer,Jean Hanff Korelitz,439,2024/02/07,2024/01/28,read
"The Three-Body Problem (Remembrance of Earth’s Past, #1)",Liu Cixin,472,,2024/02/06,to-read
The Blind Spot: Why Science Cannot Ignore Human Experience,Adam Frank,328,,2024/02/06,to-read
The Maniac,Benjamín Labatut,368,2024/01/22,2024/01/22,read
The Eye of the Master: A Social History of Artificial Intelligence,Matteo Pasquinelli,272,,2023/12/27,to-read
Francis Bacon: The Logic of Sensation,Gilles Deleuze,224,,2023/12/27,to-read
The Paris Bookseller,Kerri Maher,336,2023/12/27,2023/12/27,read
Magnificent Rebels: The First Romantics and the Invention of the Self,Andrea Wulf,512,,2023/12/17,to-read
A Spy in the House of Love (Cities of the Interior),Anaïs Nin,156,2023/12/03,2023/08/01,read
"Omnicide: Mania, Fatality, and the Future-in-Delirium (Urbanomic / Sequence Press)",Jason Bahbak Mohaghegh,600,,2023/11/11,to-read
Euphoria,Elin Cullhed,304,2023/11/09,2023/01/13,read
"The Claim of Reason: Wittgenstein, Skepticism, Morality, and Tragedy",Stanley Cavell,544,,2023/11/04,to-read
The Symbolic Species: The Co-evolution of Language and the Brain,Terrence W. Deacon,528,,2023/10/08,to-read
Ludwig Wittgenstein: The Duty of Genius,Ray Monk,704,2023/09/21,2022/07/07,read
Solaris,Stanisław Lem,204,2023/07/25,2023/07/12,read
De stille kracht,Louis Couperus,249,,2023/07/14,to-read
Orlando,Virginia Woolf,336,2023/06/23,2023/06/23,read
Le chant du monde,Jean Giono,288,,2023/06/18,to-read
Masochism: Coldness and Cruelty & Venus in Furs,Gilles Deleuze,296,,2023/06/05,to-read
Under the Volcano,Malcolm Lowry,423,,2023/05/29,to-read
The Waves,Virginia Woolf,297,2023/05/28,2023/03/19,read
"Zen and the Art of Motorcycle Maintenance: An Inquiry Into Values (Phaedrus, #1)",Robert M. Pirsig,540,,2023/03/25,to-read
The Demon in the Machine: How Hidden Webs of Information Are Solving the Mystery of Life,Paul C.W. Davies,320,,2023/03/25,currently-reading
Memoir of a Russian Punk,Eduard Limonov,312,,2023/02/13,to-read
Limonov,Emmanuel Carrère,489,2023/02/13,2023/02/13,read
The Mind of a Bee,Lars Chittka,272,,2022/04/25,currently-reading
Life Is Everywhere,Lucy Ives,400,,2022/12/02,to-read
Curious Minds: The Power of Connection,Perry Zurn,312,,2022/11/26,to-read
Unflattening,Nick Sousanis,208,,2022/10/22,to-read
EVERYTHING FLOWS:TOWARDS A PROCESSUAL PHILOSOPHY OF BIOLOGY CLOTH,Nicholson,404,,2022/10/16,to-read
Identity,Milan Kundera,176,2022/10/15,2022/10/05,read
The Ontogeny of Information: Developmental Systems and Evolution (Science and Cultural Theory),Susan Oyama,296,,2022/10/11,to-read
Underland: A Deep Time Journey,Robert Macfarlane,496,,2022/10/09,to-read
"Deleuze, Whitehead, Bergson: Rhizomatic Connections",Keith   Robinson,247,,2022/10/09,to-read
"Deleuze, Bergson, Merleau-Ponty: The Logic and Pragmatics of Creation, Affective Life, and Perception",Dorothea E Olkowski,170,,2022/10/09,to-read
The World of Perception,Maurice Merleau-Ponty,125,2022/10/05,2022/10/05,read
Modes of Thought,Alfred North Whitehead,189,,2022/10/05,to-read
The Brothers Karamazov,Fyodor Dostoevsky,796,,2022/09/21,to-read
Introduction to Mathematical Philosophy,Bertrand Russell,224,,2022/09/21,to-read
The Stranger,Albert Camus,123,2022/09/10,2021/07/03,read
The Odyssey,Homer,541,,2021/07/03,to-read
Lapvona,Ottessa Moshfegh,313,,2022/08/22,currently-reading
Circe,Madeline Miller,393,2022/02/10,2022/09/10,read
A Little Life,Hanya Yanagihara,736,,2022/09/10,to-read
Understanding Computers and Cognition: A New Foundation for Design,Terry Winograd,207,,2022/09/04,to-read
The Brain that Changes Itself: Stories of Personal Triumph from the Frontiers of Brain Science,Norman Doidge,427,,2022/09/03,to-read
Narcissus and Goldmund,Hermann Hesse,315,,2022/08/26,to-read
Siddhartha,Hermann Hesse,152,,2022/08/26,to-read
When Nietzsche Wept,Irvin D. Yalom,310,2022/08/26,2022/08/23,read
Perspectival Realism (Oxford Studies in Philosophy of Science),Michela Massimi,430,,2022/08/26,to-read
Serotonin,Michel Houellebecq,337,,2022/08/23,to-read
Nausea,Jean-Paul Sartre,178,,2022/08/23,to-read
The Joke,Milan Kundera,371,,2022/08/23,to-read
Perfume: The Story of a Murderer,Patrick Süskind,263,,2021/07/03,read
My Year of Rest and Relaxation,Ottessa Moshfegh,289,2022/07/24,2022/08/23,read
"Entangled Life: How Fungi Make Our Worlds, Change Our Minds & Shape Our Futures",Merlin Sheldrake,352,,2021/07/03,currently-reading
The Bell Jar,Sylvia Plath,294,2022/07/26,2022/04/25,read
One Hundred Years of Solitude,Gabriel García Márquez,417,2022/08/15,2022/07/01,read
The Spike: An Epic Journey Through the Brain in 2.1 Seconds,Mark   Humphries,232,,2022/07/07,to-read
Being You: A New Science of Consciousness,Anil Seth,352,,2022/07/07,to-read
Tractatus Logico-Philosophicus,Ludwig Wittgenstein,142,2022/07/07,2021/07/03,read
The Hare With Amber Eyes: A Family's Century of Art and Loss,Edmund de Waal,368,2022/07/01,2022/07/01,read
Nooit meer slapen,Willem Frederik Hermans,251,,2022/07/01,read
De Toverberg,Thomas Mann,928,,2022/07/01,currently-reading
"Models of the Mind: How Physics, Engineering and Mathematics Have Shaped Our Understanding of the Brain",Grace  Lindsay,400,,2021/07/03,read
Lolita,Vladimir Nabokov,368,,2021/07/03,read
The Great Gatsby,F. Scott Fitzgerald,180,,2021/07/03,read
The Spell of the Sensuous: Perception and Language in a More-Than-Human World,David Abram,368,,2022/04/23,currently-reading
The Brain in Search of Itself: Santiago Ramón Y Cajal and the Story of the Neuron,Benjamin Ehrlich,464,,2022/06/02,to-read
WILLIAMSON:KNOWLEDGE & ITS LIMITS PAPER,Timothy Williamson,353,,2022/05/04,to-read
"Imaginary Languages: Myths, Utopias, Fantasies, Illusions, and Linguistic Fictions",Marina Yaguello,352,,2022/04/25,to-read
Optima for Animals: Revised Edition,R. McNeill Alexander,176,,2022/04/25,to-read
From Signal to Symbol: The Evolution of Language (Life and Mind: Philosophical Issues in Biology and Psychology),Ronald J. Planer,296,,2022/04/23,to-read
"Sounds Wild and Broken: Sonic Marvels, Evolution's Creativity, and the Crisis of Sensory Extinction",David George Haskell,448,,2022/04/23,to-read
"The Pillars of the Earth (Kingsbridge, #1)",Ken Follett,976,,2021/08/07,to-read
Origins of Objectivity,Tyler Burge,646,,2021/07/06,to-read
Hiking with Nietzsche: On Becoming Who You Are,John Kaag,272,2021/07/04,2021/07/03,read
"Fanged Noumena: Collected Writings, 1987–2007",Nick Land,666,2021/07/03,2021/07/03,currently-reading
Consciousness Explained,Daniel C. Dennett,511,,2021/07/03,read
Intuition Pumps & Other Tools For Thinki,Daniel C. Dennett,496,,2021/07/03,read
A Day in the Life of the Brain,Susan A. Greenfield,274,,2021/07/03,read
Klara and the Sun,Kazuo Ishiguro,303,,2021/07/03,to-read
The Philosophy of Information,Luciano Floridi,405,,2021/07/03,to-read
Metazoa: Animal Life and the Birth of the Mind,Peter Godfrey-Smith,352,,2021/07/03,to-read
"The Computational Beauty of Nature: Computer Explorations of Fractals, Chaos, Complex Systems, and Adaptation",Gary William Flake,514,,2021/07/03,read
"Neuromancer (Sprawl, #1)",William Gibson,268,,2021/07/03,read
Tools for Conviviality,Ivan Illich,110,,2021/07/03,to-read
Sources of the Self: The Making of the Modern Identity,Charles Margrave Taylor,624,,2021/07/03,to-read
Simulacra and Simulation,Jean Baudrillard,164,,2021/07/03,to-read
An Anthropologist on Mars,Oliver Sacks,318,,2021/07/03,read
Notes from the Underground,Fyodor Dostoevsky,96,,2021/07/03,read
Beyond Good and Evil,Friedrich Nietzsche,240,,2021/07/03,currently-reading
The Mathematics of the Gods and the Algorithms of Men: A Cultural History,Paolo Zellini,256,,2021/07/03,currently-reading
"Microcognition: Philosophy, Cognitive Science, and Parallel Distributed Processing (Explorations in Cognitive Science, 6)",Andy  Clark,248,,2021/07/03,to-read
"Surfing Uncertainty: Prediction, Action, and the Embodied Mind",Andy  Clark,416,,2021/07/03,read
Les Fleurs du Mal,Charles Baudelaire,365,,2021/07/03,read
The Aleph and Other Stories,Jorge Luis Borges,210,,2021/07/03,to-read
Labyrinths: Selected Stories & Other Writings,Jorge Luis Borges,260,,2021/07/03,read
"Sick Souls, Healthy Minds: How William James Can Save Your Life",John Kaag,210,,2021/07/03,to-read
American Philosophy: A Love Story,John Kaag,272,,2021/07/03,to-read
White Nights,Fyodor Dostoevsky,82,,2021/07/03,read
The Book of Laughter and Forgetting,Milan Kundera,313,,2021/07/03,read
Immortality,Milan Kundera,400,,2021/07/03,read
The Unbearable Lightness of Being,Milan Kundera,314,,2021/07/03,read
A Thousand Brains: A New Theory of Intelligence,Jeff Hawkins,288,,2021/07/03,to-read
Human Compatible: Artificial Intelligence and the Problem of Control,Stuart Russell,352,,2021/07/03,to-read
The Book of Why: The New Science of Cause and Effect,Judea Pearl,432,,2021/07/03,read
Life 3.0: Being Human in the Age of Artificial Intelligence,Max Tegmark,384,,2021/07/03,read
The Emperor's New Mind,Roger Penrose,602,,2021/07/03,read
I Am a Strange Loop,Douglas R. Hofstadter,436,,2021/07/03,read
"Superintelligence: Paths, Dangers, Strategies",Nick Bostrom,352,,2021/07/03,read
From Bacteria to Bach and Back: The Evolution of Minds,Daniel C. Dennett,477,,2021/07/03,read
Other Minds,Peter Godfrey-Smith,257,,2021/07/03,read
"Gödel, Escher, Bach: An Eternal Golden Braid",Douglas R. Hofstadter,777,,2021/07/03,read
The Man Who Mistook His Wife for a Hat and Other Clinical Tales,Oliver Sacks,243,,2021/07/03,read
The Plague,Albert Camus,308,,2021/07/03,read
Noise: A Flaw in Human Judgment,Daniel Kahneman,454,,2021/07/03,to-read
The Prophet,Kahlil Gibran,127,,2021/07/03,read
Homo Deus: A History of Tomorrow,Yuval Noah Harari,450,,2021/07/03,read
Being and Time,Martin Heidegger,589,,2021/07/03,to-read
Thus Spoke Zarathustra,Friedrich Nietzsche,327,,2021/07/03,to-read
A Clockwork Orange,Anthony Burgess,240,,2021/07/03,to-read
Frankenstein: The 1818 Text,Mary Wollstonecraft Shelley,260,,2021/07/03,to-read
1984,George Orwell,298,,2021/07/03,read
The Metamorphosis,Franz Kafka,201,,2021/07/03,read
